{"cameraMode":{"drawMode":0,"name":"Shaded","section":"Shading Mode"},"sceneLighting":false,"audioPlay":false,"sceneViewState":{"showFog":true,"showMaterialUpdate":false,"showSkybox":true,"showFlares":true,"showImageEffects":true,"showParticleSystems":true},"in2DMode":false,"pivot":{"x":19.36279296875,"y":20.05718231201172,"z":112.08537292480469},"rotation":{"x":0.009057460352778435,"y":0.9892836809158325,"z":-0.1277262270450592,"w":0.07015529274940491},"size":102.04593658447266,"orthographic":false}