{"cameraMode":{"drawMode":0,"name":"Shaded","section":"Shading Mode"},"sceneLighting":false,"audioPlay":false,"sceneViewState":{"showFog":true,"showMaterialUpdate":false,"showSkybox":true,"showFlares":true,"showImageEffects":true,"showParticleSystems":true},"in2DMode":false,"pivot":{"x":223.50503540039063,"y":6.919919490814209,"z":251.43130493164063},"rotation":{"x":-0.011573556810617447,"y":0.9823387265205383,"z":-0.0649288222193718,"w":-0.1751026064157486},"size":5.558037281036377,"orthographic":false}