{"cameraMode":{"drawMode":0,"name":"Shaded","section":"Shading Mode"},"sceneLighting":false,"audioPlay":false,"sceneViewState":{"showFog":true,"showMaterialUpdate":false,"showSkybox":true,"showFlares":true,"showImageEffects":true,"showParticleSystems":true},"in2DMode":false,"pivot":{"x":3.101604700088501,"y":3.369943380355835,"z":-17.700828552246095},"rotation":{"x":-0.0020155427046120168,"y":0.9956260919570923,"z":-0.09075162559747696,"w":-0.022109802812337877},"size":29.63226890563965,"orthographic":false}