{"cameraMode":{"drawMode":0,"name":"Shaded","section":"Shading Mode"},"sceneLighting":false,"audioPlay":false,"sceneViewState":{"showFog":true,"showMaterialUpdate":false,"showSkybox":true,"showFlares":true,"showImageEffects":true,"showParticleSystems":true},"in2DMode":false,"pivot":{"x":-69.6844711303711,"y":3.835195541381836,"z":-15.573297500610352},"rotation":{"x":-0.0020155427046120168,"y":0.9956260919570923,"z":-0.09075162559747696,"w":-0.022109802812337877},"size":45.18593978881836,"orthographic":false}