{"cameraMode":{"drawMode":0,"name":"Shaded","section":"Shading Mode"},"sceneLighting":false,"audioPlay":false,"sceneViewState":{"showFog":true,"showMaterialUpdate":false,"showSkybox":true,"showFlares":true,"showImageEffects":true,"showParticleSystems":true},"in2DMode":false,"pivot":{"x":160.14599609375,"y":7.300000190734863,"z":254.73500061035157},"rotation":{"x":0.12475556880235672,"y":0.6779427528381348,"z":-0.11833588033914566,"w":0.714721143245697},"size":0.3672903776168823,"orthographic":false}