{"cameraMode":{"drawMode":0,"name":"Shaded","section":"Shading Mode"},"sceneLighting":false,"audioPlay":false,"sceneViewState":{"showFog":true,"showMaterialUpdate":false,"showSkybox":true,"showFlares":true,"showImageEffects":true,"showParticleSystems":true},"in2DMode":false,"pivot":{"x":611.4362182617188,"y":511.0152587890625,"z":-476.94610595703127},"rotation":{"x":0.026920272037386895,"y":-0.9496493339538574,"z":0.08512362092733383,"w":0.30032581090927126},"size":40.72035598754883,"orthographic":false}