{"cameraMode":{"drawMode":0,"name":"Shaded","section":"Shading Mode"},"sceneLighting":false,"audioPlay":false,"sceneViewState":{"showFog":true,"showMaterialUpdate":false,"showSkybox":true,"showFlares":true,"showImageEffects":true,"showParticleSystems":true},"in2DMode":false,"pivot":{"x":-40.27525329589844,"y":2.0999703407287599,"z":-16.020801544189454},"rotation":{"x":-0.0008651362149976194,"y":0.9991189241409302,"z":-0.03238186612725258,"w":-0.02668609656393528},"size":9.256194114685059,"orthographic":false}