{"cameraMode":{"drawMode":0,"name":"Shaded","section":"Shading Mode"},"sceneLighting":false,"audioPlay":false,"sceneViewState":{"showFog":true,"showMaterialUpdate":false,"showSkybox":true,"showFlares":true,"showImageEffects":true,"showParticleSystems":true},"in2DMode":false,"pivot":{"x":222.4227294921875,"y":8.373663902282715,"z":255.32138061523438},"rotation":{"x":0.009057460352778435,"y":0.9892836809158325,"z":-0.1277262270450592,"w":0.07015529274940491},"size":8.390902519226075,"orthographic":false}