{"cameraMode":{"drawMode":0,"name":"Shaded","section":"Shading Mode"},"sceneLighting":false,"audioPlay":false,"sceneViewState":{"showFog":true,"showMaterialUpdate":false,"showSkybox":true,"showFlares":true,"showImageEffects":true,"showParticleSystems":true},"in2DMode":false,"pivot":{"x":29.142948150634767,"y":3.3713834285736086,"z":-17.698638916015626},"rotation":{"x":-0.0020155427046120168,"y":0.9956260919570923,"z":-0.09075162559747696,"w":-0.022109802812337877},"size":8.816427230834961,"orthographic":false}