{"cameraMode":{"drawMode":0,"name":"Shaded","section":"Shading Mode"},"sceneLighting":false,"audioPlay":false,"sceneViewState":{"showFog":true,"showMaterialUpdate":false,"showSkybox":true,"showFlares":true,"showImageEffects":true,"showParticleSystems":true},"in2DMode":false,"pivot":{"x":0.003392815589904785,"y":0.1633373498916626,"z":0.2237430363893509},"rotation":{"x":-0.023671133443713189,"y":-0.5139402151107788,"z":-0.014189186505973339,"w":0.8573819398880005},"size":1.5443625450134278,"orthographic":false}