{"cameraMode":{"drawMode":0,"name":"Shaded","section":"Shading Mode"},"sceneLighting":false,"audioPlay":false,"sceneViewState":{"showFog":true,"showMaterialUpdate":false,"showSkybox":true,"showFlares":true,"showImageEffects":true,"showParticleSystems":true},"in2DMode":false,"pivot":{"x":-1.692657470703125,"y":1.527880311012268,"z":-10.730640411376954},"rotation":{"x":0.000449476734502241,"y":0.9987905621528626,"z":-0.009298651479184628,"w":0.048278629779815677},"size":9.223456382751465,"orthographic":false}