{"cameraMode":{"drawMode":0,"name":"Shaded","section":"Shading Mode"},"sceneLighting":false,"audioPlay":false,"sceneViewState":{"showFog":true,"showMaterialUpdate":false,"showSkybox":true,"showFlares":true,"showImageEffects":true,"showParticleSystems":true},"in2DMode":false,"pivot":{"x":-111.52069854736328,"y":0.8392027616500855,"z":-12.866665840148926},"rotation":{"x":-0.0020155427046120168,"y":0.9956260919570923,"z":-0.09075162559747696,"w":-0.022109802812337877},"size":7.674083232879639,"orthographic":false}