{"cameraMode":{"drawMode":0,"name":"Shaded","section":"Shading Mode"},"sceneLighting":false,"audioPlay":false,"sceneViewState":{"showFog":true,"showMaterialUpdate":false,"showSkybox":true,"showFlares":true,"showImageEffects":true,"showParticleSystems":true},"in2DMode":false,"pivot":{"x":210.3024444580078,"y":6.171711444854736,"z":263.61651611328127},"rotation":{"x":0.18126799166202546,"y":0.6100113987922669,"z":-0.14598582684993745,"w":0.7574405670166016},"size":1.6083160638809205,"orthographic":false}